id,sent,senders
49c262c132e0ea8d3eafe03280578474fd7ae1ac,8598,morganfainberg
3e88500b0bba9ed3bc7b675898e1596fcf4b8e30,7344,openstack
e7887f4ecf27a214a78dac89a975ac6cf4d7982a,7219,fungi
1b2f327d216a3cc189ca8e2bd7ca7f2f23b323cc,6333,sdake
93727557fea7c7e79be46f14c94482041a7651cb,6237,mordred
17c951a19751faa848f6412feef32c3b70cc398d,5374,lifeless
6982f3a5b915767c463f3eac26b3d703e9fc6cb0,5084,ayoung
4c194af6cacf8b3c55a99e0acd4b41d9ad898d1c,4933,clarkb
f7ffa2d8b70c9d073b0fb1b1a418d0387f0df7c0,4824,mriedem
340328926bf07363522dcf567a6706ad494e790a,4811,ttx
ae59c3713e1675a3fe8f0a7208b0596f10704d45,4807,sdague
2e147924450f557c90a33f9c473b7c0bf8761add,4549,anteaya
05d60dd120d662aa9024948aee8e77f9e0158a05,4374,lucasagomes
84b6ad7de7fe4bca071040fcdecb620bb7fe8a6d,4273,jgriffith
a36559a866470e309069c363d180146a81dd8c82,4107,dhellmann
