commits,id,authors
1223,a62a6ad761796048d9bdc2d5d544c184ad38edf7,OpenStack Proposal Bot
258,b1c854696bfc1a9063271c57b73d277ebf458874,Jeremy Stanley
219,260afb7cd318071574eba9738c284d26fae180e9,David Pursehouse
200,be304e4b5b0d0d2fadf6b6babc0d9365be4fa482,Joshua Harlow
178,819238d838f52c451b1cf50f377230b528de4997,Julien Danjou
168,49fd61b005772b3957f390ed25634c356ae7df80,Russell Bryant
164,1e3b5ac394031ef86c8106628681119939636e2c,Andreas Jaeger
160,54fb01ef637b982996aa8b373bb851b56df83e7b,Kevin Benton
158,5c835b66ba432196b8a5aae92599d97f640f80fc,Gary Kotton
138,eea782dff3d27b37d289cfc0818a8bb9bb4eff22,Davanum Srinivas
